Incubator Name,URL,Mentorship Programs,Funding Opportunities,Networking Events,Workshops and Training,Sector-Specific Programs,Legal and Financial Guidance,Innovation Platforms,Global Reach and Market Access,Partnerships with Corporations
AfroTech,https://afrotech.com,Yes,No,Yes,Yes,No,No,Yes,No,No
BDPA Today,https://bdpatoday.com,Yes,No,Yes,Yes,No,No,Yes,Yes,Yes
Blackque247,https://www.blackque247.com,No,No,Yes,No,No,No,No,No,No
Black Enterprise - Technology,https://www.blackenterprise.com,No,Yes,Yes,No,No,No,No,No,Yes
Black Excellence - Business,https://blackexcellence.com,No,No,No,No,No,No,No,No,No
Black Founders Newsletter,http://blackfounders.com,No,No,Yes,No,No,Yes,Yes,No,No
Black Tech Mecca - Reports,https://www.blacktechmecca.org,No,No,No,No,No,No,Yes,No,No
Black Tech Unplugged,https://blacktechunplugged.com,No,Yes,No,No,No,No,Yes,No,No
Black Tech Women,https://medium.com/@BlackTechWomen,No,No,No,No,No,No,Yes,No,No
Black Wall Street,https://bws.ceoblognation.com,No,No,No,No,No,No,No,No,No
Black Women Talk Tech,https://www.blackwomentalktech.com,No,Yes,Yes,No,No,No,Yes,No,Yes
Blacks in Technology,https://www.blacksintechnology.net,No,No,No,No,No,No,No,No,No
Blavity,https://blavity.com,No,No,No,No,No,No,No,No,No
Diversify Tech,https://diversifytech.co,No,No,No,No,No,No,No,No,No
For Colored Girls Who Tech,https://forcoloredgirlswhotech.substack.com,No,Yes,No,No,No,No,No,No,No
Good Black News,https://goodblacknews.org,No,No,No,No,No,No,No,No,No
Mogul Millennial,https://www.mogulmillennial.com,Yes,Yes,Yes,No,No,No,Yes,No,No
People of Color in Tech,https://peopleofcolorintech.com,Yes,Yes,Yes,No,No,No,Yes,Yes,Yes
The Network Journal,https://tnj.com,No,Yes,Yes,No,No,No,Yes,No,Yes
ThePLUG,https://tpinsights.com,No,Yes,No,No,No,No,Yes,No,No
Urban Trendsetters,http://urbantrendsetters.com,No,No,Yes,Yes,No,No,No,No,Yes
UrbanGeekz,https://urbangeekz.com,No,Yes,Yes,No,No,No,Yes,No,No
Wearable Tech Ventures,http://www.wearabletechventures.org,Yes,Yes,Yes,No,No,No,Yes,Yes,No
#blackcomputeHER,https://blackcomputeher.org,No,No,No,No,No,No,No,No,No
A3C,https://a3cconference.com,No,No,Yes,No,No,No,Yes,No,Yes
AfroTech World,https://experience.afrotech.com,No,No,No,No,No,No,No,No,No
A Tribe Called Tech,https://atribecalledafrotech.splashthat.com,No,No,No,No,No,No,No,No,No
BlackByte,https://www.blackbyte.tech,No,No,No,No,No,No,No,No,No
Black Designers Ignite,https://blackignite.com,No,No,Yes,No,No,No,Yes,No,No
Black is Tech Conference,http://blackistechconference.com,No,No,Yes,Yes,No,No,Yes,No,Yes
Black Tech for Black Lives,https://www.blacktechforblacklives.com,No,Yes,Yes,Yes,No,No,Yes,Yes,No
Black Tech Master Series,http://www.aasuconference.com,No,Yes,Yes,No,No,No,No,No,No
Black Technology Professional,https://www.meetup.com/Black-Technology-Professionals-BTP-NY,No,No,Yes,No,No,No,Yes,No,Yes
Black Tech NOLA,https://blacktechnola.com,No,No,Yes,No,No,No,Yes,No,No
BlackTech Meetup,http://blacktechmeetup.org,Yes,Yes,Yes,No,No,No,Yes,No,Yes
BlackTech Miami,https://www.meetup.com/BlackTech-Miami,No,Yes,Yes,Yes,No,No,No,No,No
Blacktech Week,http://blacktechweek.com,No,Yes,Yes,No,No,No,Yes,No,Yes
Black Wall Street: Homecoming,https://bwshomecoming.com,No,No,No,No,No,No,No,No,No
Black Women Talk Tech,https://www.blackwomentalktech.com,No,Yes,Yes,No,No,No,Yes,No,Yes
Data 4 Black Lives Conference,https://d4bl.org,No,Yes,Yes,Yes,No,Yes,No,Yes,Yes
Entrepreneur Accelerator Summit,http://www.bccelerator.com,No,No,No,No,No,No,No,No,No
Graveti Summit,https://gravetisummit.splashthat.com,No,No,No,No,No,No,No,No,No
MiTECH,https://www.meetup.com/MiTECH,No,Yes,Yes,No,No,No,No,No,Yes
MogulCon,https://www.mogulcon.com,No,No,No,No,No,No,No,No,No
NBMBAA Conference,https://nbmbaa.org,No,No,Yes,No,No,No,No,Yes,Yes
NOVELDAY,http://www.novelday.org,No,Yes,Yes,No,No,No,Yes,Yes,Yes
Mass Challenge,https://masschallenge.org,Yes,No,Yes,No,No,No,Yes,No,No
Tech Inclusion,https://techinclusion.co,No,No,No,No,No,No,No,No,No
TechFam,https://www.meetup.com/TechFam,No,No,Yes,No,No,No,Yes,No,No
Tech: To Elevate Color in Hiring,https://www.meetup.com/TECH-To-Elevate-Color-in-Hiring-A-series-by-Betterment,No,No,Yes,No,No,No,No,No,No
Texas Black Expo,http://texasblackexpo.com,No,Yes,Yes,No,No,No,No,No,No
The Codette Project,https://www.thecodetteproject.com,Yes,Yes,Yes,No,No,No,No,No,No
The State of Black Design,https://www.eventbrite.com/e/the-state-of-black-design-tickets-115969603205,No,No,Yes,No,No,No,Yes,No,No
Women of Power Tech Conference,https://womenofpowertech.blackenterprise.com,No,No,Yes,No,No,No,Yes,No,No
BLK hack,https://www.meetup.com/BLK-hack,No,Yes,Yes,No,No,No,No,No,No
bccelerator,http://www.bccelerator.com,No,No,No,No,No,No,No,No,No
Black Blockchain: New York,https://www.meetup.com/Black-Blockchain-New-York,No,No,Yes,No,No,No,No,No,No
Black Female Founders,https://www.blackfemalefounders.org,No,No,No,No,No,No,No,No,No
Black Founders,http://blackfounders.com,No,No,Yes,No,No,Yes,Yes,No,No
Black in Tech: Food and Hacking,https://www.meetup.com/Black-In-Tech-Food-and-Hacking,No,No,Yes,No,No,No,No,No,No
Black Tech Columbus,https://blacktechcolumbus.com,Yes,No,No,No,No,No,Yes,No,No
Black Tech Link,https://www.meetup.com/blacktechlink,No,No,Yes,No,No,No,Yes,No,No
Black Tech Matters,https://www.blacktechmatters.co,No,Yes,Yes,No,No,No,Yes,No,No
Black Tech Nation,https://blacktechnation.com,No,No,Yes,No,No,No,No,No,No
Blacks in Technology,https://www.blacksintechnology.net,No,No,No,No,No,No,No,No,No
Blacks in Technology: Dallas,https://www.meetup.com/Blacks-in-Technology-Dallas,No,No,Yes,Yes,No,No,No,Yes,No
Blacks in Technology: Los Angeles,https://www.meetup.com/Blacks-In-Technology-Los-Angeles,No,No,Yes,No,No,No,No,Yes,No
"Blacks in Technology: Washington, DC",https://www.meetup.com/Washington-Information-Technology-Meetup,No,No,Yes,No,No,No,No,No,No
Blogalicious,http://beblogalicious.com,No,No,No,No,No,No,No,No,No
Chicago Blacks in Technology,https://www.meetup.com/Blacks-in-Technology-Chicago,No,No,Yes,Yes,No,No,No,Yes,No
Cincinnati Blacks In Technology Meetup,https://www.meetup.com/Cincinnati-Blacks-In-Technology-Meetup,No,No,Yes,No,No,No,No,No,No
Crebul,https://crebul.com,No,No,No,No,No,No,No,No,No
ImBlackInTech,https://imblackintech.com,Yes,Yes,Yes,Yes,No,No,Yes,No,Yes
Knox St. Studios,https://www.meetup.com/Knox-St-Studios,No,Yes,Yes,No,No,Yes,Yes,No,No
Novel City Chamber of Innovation,http://www.novelcitychamber.com,No,No,No,No,No,No,No,No,No
PDX Blacks in Technology Meetup,https://www.meetup.com/PDX-Blacks-in-Technology-Meetup,No,No,Yes,Yes,No,No,No,No,Yes
Philly Startup Leaders,https://www.phillystartupleaders.org,Yes,No,Yes,Yes,No,No,Yes,No,No
Startup Founder 101,https://www.meetup.com/topics/founder-institute,No,Yes,Yes,No,No,No,No,Yes,No
Startup Grind,https://www.startupgrind.com,No,Yes,Yes,No,No,No,No,Yes,No
The Black Mastermind Group,https://www.meetup.com/The-Black-Mastermind-Group,No,No,Yes,No,No,No,No,No,No
Roxbury Innovation Center,https://roxburyinnovationcenter.org/programs,No,No,No,No,No,No,Yes,No,No
devcolor,https://www.devcolor.org,No,No,Yes,No,No,No,No,No,No
Ada Developers Academy,https://adadevelopersacademy.org,Yes,No,No,Yes,No,No,No,No,No
Alchemy Code Lab,https://www.alchemycodelab.com,No,No,No,No,No,No,No,No,No
All Star Code,https://www.allstarcode.org,Yes,No,Yes,Yes,No,No,Yes,No,Yes
American Underground,https://www.americanunderground.com,No,No,Yes,No,No,No,No,No,No
Ayoo Africa Tech DC,https://www.meetup.com/AfroTechDC,No,No,Yes,No,No,No,No,No,No
Baltimore Black Entrepreneurs & Startup Founders,https://www.meetup.com/Baltimore-Black-Entrepreneurs-Startup-Founders,No,Yes,Yes,No,No,No,No,No,No
Bccelerator,http://www.bccelerator.com/eas,Yes,Yes,No,No,No,No,Yes,Yes,Yes
Black and Brown Founders,https://blackandbrownfounders.com,Yes,Yes,Yes,Yes,No,No,No,No,Yes
Black Code Collective,https://www.meetup.com/Black-Code-Collective,No,No,Yes,No,No,No,No,No,No
Black Men Code,https://www.meetup.com/Black-Men-Code,No,No,Yes,Yes,No,No,No,No,No
Black Tech Boston,https://www.meetup.com/Black-Tech-Boston,No,No,Yes,No,No,No,No,No,No
Black Technologist,https://www.meetup.com/Black-Technologist,No,No,Yes,Yes,No,No,No,No,No
BLKTECHCLT,https://blktechinteractive.com,No,No,No,No,No,No,No,Yes,No
BLUE1647,https://www.blue1647.com,No,No,No,No,No,No,Yes,Yes,No
Careers in Code,https://careersincode.org,No,No,Yes,No,No,No,No,No,No
City Startup Labs,https://citystartuplabs.com,No,No,No,Yes,No,No,Yes,No,No
Claim Academy,https://claimacademystl.com,Yes,Yes,Yes,Yes,No,No,Yes,No,No
Code Fellows,https://www.codefellows.org/diversity-scholarship-fund,No,No,No,No,No,No,No,No,No
NSBETechstars,http://www.nsbe.org,Yes,Yes,Yes,Yes,No,No,No,Yes,Yes
Code2040,http://www.code2040.org,No,No,Yes,No,No,No,Yes,No,No
Coding Dojo,https://www.codingdojo.com,No,No,No,No,No,No,No,No,No
Columbia HBCU Fellowship,https://sps.columbia.edu/ideas-impact/future-work/columbia-hbcu-fellowship,Yes,No,Yes,Yes,No,No,No,No,No
DevLeague,https://www.devleague.com,Yes,Yes,No,No,No,No,No,No,No
DigitalCrafts,https://www.digitalcrafts.com,No,No,No,No,No,No,No,No,No
Founder Institute Black Founder Fellowship,https://fi.co,Yes,Yes,Yes,No,No,No,Yes,Yes,No
Fullstack Academy,https://www.fullstackacademy.com,No,No,Yes,Yes,No,No,No,No,No
Galvanize,https://www.galvanize.com,Yes,No,Yes,Yes,No,No,No,No,No
General Assembly,https://generalassemb.ly,Yes,No,Yes,Yes,No,Yes,No,No,No
Grand Circus,https://www.grandcircus.co,No,No,No,No,No,No,No,No,No
Hack Reactor,https://www.hackreactor.com,No,No,Yes,Yes,No,No,No,No,No
Hackbright Academy,https://hackbrightacademy.com,Yes,No,Yes,No,No,No,No,No,Yes
Kal Academy,https://www.kalacademy.org,Yes,No,No,Yes,No,No,No,No,Yes
Launch Academy,https://launchacademy.com,No,Yes,No,No,No,No,No,No,No
Lean Startup Machine,https://www.leanstartupmachine.com,No,No,No,No,No,No,No,No,No
Metis,https://www.thisismetis.com,No,No,No,No,No,No,No,No,No
Millennial Entrepreneurs Redefined,http://millennialsredefined.org,No,No,No,No,No,No,No,No,No
MORTAR,https://wearemortar.com,Yes,Yes,No,No,No,No,No,No,No
Nation of Makers,https://www.nationofmakers.us,No,No,Yes,No,No,No,No,No,No
National BDPA,https://www.bdpa.org,No,No,Yes,Yes,No,No,Yes,Yes,Yes
National Coalition of 100 Black Women,https://ncbw.org,No,No,Yes,Yes,No,No,Yes,No,Yes
NOLAVATE Black,http://nolavateblack.com,Yes,Yes,Yes,Yes,No,Yes,Yes,No,No
Novel Professionals Accelerator,http://www.novelprofessionals.com,Yes,Yes,No,Yes,No,Yes,Yes,No,Yes
Philly Tech Sistas,https://www.meetup.com/Philly-Tech-Sistas,Yes,No,Yes,Yes,No,No,No,No,No
Pivot Technology School,https://www.pivottechschool.com,Yes,No,No,Yes,No,No,No,No,No
PowerMoves Bootcamp,http://www.powermovesusa.org,No,No,No,No,No,No,No,No,No
SEED SPOT,https://seedspot.org,Yes,No,Yes,Yes,No,No,No,No,No
StartupBus Advancing Black Entrepreneurs,https://startupbus.com,No,No,Yes,No,No,No,Yes,No,No
Startup Institute,https://www.startupinstitute.com,No,No,No,No,No,No,No,No,No
Tech Diversified,https://www.meetup.com/Tech-Diversified,No,No,Yes,No,No,No,No,No,No
Tech Elevator,https://www.techelevator.com,Yes,Yes,Yes,Yes,No,No,No,No,Yes
The Black Upstart,https://www.theblackupstart.com,No,No,No,Yes,No,Yes,Yes,No,No
The Hidden Genius Project,http://www.hiddengeniusproject.org,Yes,No,Yes,Yes,No,No,No,No,Yes
We Build Black,https://www.webuildblack.com,Yes,No,Yes,Yes,No,No,No,No,No
We Can Code IT,https://wecancodeit.org,No,Yes,Yes,Yes,No,Yes,Yes,No,No
Atlanta Minorities in Technology,https://www.meetup.com/ATLANTA-MINORITIES-IN-TECHNOLOGY,No,No,Yes,Yes,No,No,No,No,No
Bay Area Black Designers,https://www.meetup.com/Bay-Area-Black-Designers,No,No,Yes,No,No,No,No,No,No
Birmingham Black Techies,https://www.meetup.com/Birmingham-Black-Techies,No,No,Yes,No,No,No,No,No,No
Black Business Association,http://www.bbala.org,Yes,No,Yes,Yes,No,No,Yes,No,Yes
Black Business Women Rock,https://www.blackbusinesswomenrock.com,No,No,No,No,No,No,No,No,No
Black Career Women's lo Network,https://bcwnetwork.com,Yes,No,Yes,Yes,No,No,Yes,No,No
Atlanta Minorities in Technology,https://www.meetup.com/ATLANTA-MINORITIES-IN-TECHNOLOGY,No,No,Yes,Yes,No,No,No,No,No
Bay Area Black Designers,https://www.meetup.com/Bay-Area-Black-Designers,No,No,Yes,No,No,No,No,No,No
Birmingham Black Techies,https://www.meetup.com/Birmingham-Black-Techies,No,No,Yes,No,No,No,No,No,No
Black Business Association,http://www.bbala.org,Yes,No,Yes,Yes,No,No,Yes,No,Yes
Black Business Women Rock,https://www.blackbusinesswomenrock.com,No,No,No,No,No,No,No,No,No
Black Career Women's Network,https://bcwnetwork.com,Yes,No,Yes,Yes,No,No,Yes,No,No
Black Founders of San Francisco Bay Area,https://www.meetup.com/BlackFounders,Yes,No,Yes,No,No,Yes,No,No,No
Black in Tech STL,https://www.meetup.com/Black-In-Tech-STL-Meetup-Group,No,No,Yes,No,No,No,No,No,No
Black Professionals In Tech Network,https://www.meetup.com/Black-Professionals-In-Tech-Network-BPTN,No,No,Yes,No,No,No,No,No,No
Black Tech Talent,https://www.blacktechtalent.org,No,No,No,No,No,No,No,No,No
Black Women in Technology: LA,https://www.meetup.com/Black-Women-in-Technology,No,No,Yes,Yes,No,No,Yes,No,No
Blerd â€“ Black Nerds in Colorado,https://www.meetup.com/blerd-colorado,No,No,Yes,No,No,No,No,No,No
Boston Young Black Professionals,https://www.bostonybp.com,No,No,Yes,No,No,No,No,No,No
Detroit Black Tech,https://www.meetup.com/detroit-black-tech,No,No,Yes,No,No,No,No,No,No
National Black MBA Association,https://nbmbaa.org,No,No,Yes,No,No,No,No,Yes,Yes
National Society of Black Engineers,https://www.nsbe.org,Yes,Yes,Yes,Yes,No,No,No,Yes,Yes
NYC Black Designers,https://www.meetup.com/Black-Designers-in-Tech-NYC,No,No,Yes,No,No,No,No,No,No
Ohio Black Entrepreneurs Network,https://www.meetup.com/Cleveland-Black-Entrepreneurs-Network,No,No,Yes,No,No,No,No,No,No
Organization of Black Designers,http://obd.org,No,No,No,No,No,No,No,No,No
Saint Louis Black Entrepreneurs Meetup,https://www.meetup.com/Saint-Louis-Black-Entrepreneurs-Meetup,No,No,Yes,No,No,No,No,No,No
Silicon Beach Diversity,https://www.meetup.com/Silicon-Beach-Diversity,No,Yes,Yes,Yes,No,No,Yes,No,No
South Florida Black Professionals Network,https://sfbpnetwork.com/,No,No,Yes,No,No,No,No,Yes,No
STL Professionals & Entrepreneurs of African Diaspora Meetup,https://www.meetup.com/Saint-Louis-Minority-Professionals-Meetup,No,No,Yes,No,No,No,No,No,No
TechCofounder,http://techcofounder.com,No,No,No,No,No,No,No,No,No
Technologists of Color,https://www.meetup.com/Technologists,No,No,Yes,No,No,No,No,No,No
Valence.community,https://valence.community,No,No,No,No,No,No,No,No,No
BE Smart Hackathon,https://www.blackenterprise.com/the-2019-be-smart-hackathon-hbcus,Yes,No,Yes,No,No,No,Yes,No,Yes
Black Developers Meetup,https://www.meetup.com/blackdevelopers,No,No,Yes,No,No,No,No,No,No
Black Lives Matter Hackathon,https://blacklivesmatter.devpost.com,No,Yes,Yes,No,No,Yes,Yes,Yes,Yes
Black Orlando Tech,https://www.meetup.com/Black-Orlando-Tech-BOT,No,No,Yes,No,No,No,No,No,No
Blackspace,http://theblackspace.org,Yes,No,No,No,No,No,No,No,Yes
Coding in Color,https://www.meetup.com/Coding_in_Color,Yes,No,Yes,Yes,No,Yes,Yes,No,No
Columbia DivHacks,http://columbiadivhacks.com,No,No,No,No,No,No,No,No,No
Frauvis Low Code Hackathon,https://www.eventbrite.com/e/frauvis-low-code-hackathon-build-for-us-build-for-the-community-tickets-111927377800,No,No,Yes,Yes,No,No,Yes,No,No
Hack Excellence: HBCU Hackathon Edition,https://www.eventbrite.com/e/hack-excellence-hbcu-hackathon-edition-tickets-111967905018,No,No,Yes,Yes,No,No,Yes,No,No
Hack for Justice Hackathon,https://www.hackthegap.com/hack-for-justice,No,No,Yes,Yes,No,No,No,No,No
Hack the Gap,https://www.hackthegap.com,Yes,No,Yes,Yes,No,No,Yes,No,Yes
Hack Diversity,https://hackdiversity.com,No,No,Yes,No,No,No,No,No,No
iD8 Hackathon,https://www.id8create.org,No,No,Yes,No,No,No,No,No,No
LA Makerspace,https://lamakerspace.org,No,No,Yes,Yes,No,No,No,No,No
National Day of Civic Hacking,https://www.codeforamerica.org/events/national-day-of-civic-hacking-2020,No,No,No,No,No,No,No,No,No
Bamboo Detroit,https://www.bamboodetroit.com,No,No,Yes,No,No,No,No,No,No
Black Dot Seattle,http://www.blackdotseattle.com,No,No,Yes,Yes,No,No,No,No,No
Blackbird House,https://www.blackbird.house,No,No,Yes,No,No,No,No,No,Yes
Blue Lacuna,https://www.thebluelacuna.com,No,No,No,No,No,No,No,No,No
Business Lounge Dallas,https://www.businessloungedallas.com,No,No,No,No,No,No,No,No,No
C3 Lab,https://www.c3-lab.com,No,No,No,No,No,No,No,No,No
CAMPspace,http://www.campworkspace.com,No,No,No,No,No,No,No,No,No
Catalyst Spaces,http://www.catalystspaces.com,No,No,No,No,No,No,No,No,No
Clout Workspace,https://clout.space,No,No,Yes,No,No,No,No,No,No
Coalition Space,https://coalitionspace.com,No,No,Yes,No,No,No,No,No,No
Creative Colony,https://www.creativecolonyspaces.com,No,No,No,Yes,No,No,No,No,No
Creative Workspace HBA,https://creativeworkspacehba.com,No,No,No,No,No,No,No,No,No
Dream Village,https://www.dreamvillage.com,No,No,No,No,No,No,Yes,No,No
EcoTech Visions,https://ecotechvisions.com,No,No,Yes,No,No,No,Yes,No,No
Equal Space,http://www.equalspace.co,Yes,No,Yes,No,No,No,Yes,No,Yes
Ethels Club,https://www.ethelsclub.com,No,No,No,No,No,No,No,No,No
Evolve Oakland,https://evolveoakland.com,No,No,No,No,No,No,No,No,No
Femology,https://www.femology.com,No,No,Yes,No,No,No,No,No,No
Highlander Accelerator,http://highlanderomaha.com,No,No,Yes,No,No,No,No,No,No
Impact Hub,https://impacthub.net,No,No,Yes,No,No,No,Yes,Yes,Yes
Inclusive Innovation Incubator,https://www.in3dc.com,No,No,No,No,No,No,No,No,No
Input Lofts,http://inputlofts.com,No,No,No,No,No,No,No,No,No
LA Create Space,https://www.lacreatespace.com,No,No,Yes,Yes,No,No,Yes,No,Yes
Locale Workspace,http://www.localeworkspace.com,No,No,No,No,No,No,No,No,No
New Women Space,https://www.newwomenspace.com,No,No,No,No,No,No,No,No,No
Oakstop,http://oakstop.com,No,No,Yes,Yes,No,No,Yes,Yes,Yes
Opportunity Hub,https://opportunityhub.co,No,Yes,Yes,No,No,No,Yes,No,Yes
OSC Tech Lab,https://osctechlab.com,No,No,No,No,No,No,No,No,No
Perfect Office,https://goperfectoffice.com,Yes,No,No,Yes,No,No,No,No,No
Russell Center for Innovation and Entrepreneurship,https://rcie.org,Yes,No,Yes,No,No,No,Yes,No,Yes
Second Shift Chicago,https://www.secondshiftchicago.com,No,No,No,No,No,No,No,No,No
Space Called Tribe,https://www.spacecalledtribe.com,Yes,No,Yes,No,No,No,Yes,No,No
SpaceLab Detroit,https://spacelabdetroit.com,No,No,Yes,No,No,No,Yes,No,No
Station Loft Works,https://www.stationloftworks.com,No,No,Yes,No,No,No,No,No,Yes
Synergy Coworking,http://www.synergymadison.com,Yes,No,Yes,No,No,No,No,No,Yes
TechSquare Labs,https://techsquare.co,No,Yes,No,No,No,No,No,No,Yes
THE COMPOUND,https://www.thecompoundcowork.com,No,No,No,No,No,No,No,No,No
The Cube,https://www.thecubecowork.com,No,No,Yes,No,No,No,No,No,No
The Gathering Spot,https://thegatheringspot.club,No,No,Yes,No,No,No,No,No,Yes
The Harlem Collective,https://www.theharlemcollective.co,No,No,No,No,No,No,No,No,No
The Lab Nashville,http://thelabnashville.com,No,No,No,No,No,Yes,No,No,No
The Startup Nest,https://thestartupnest.com,No,No,No,No,No,No,Yes,No,Yes
The Urban Collective,http://theurbancollectivect.com,No,No,Yes,No,No,No,No,No,No
TILA Studios,https://www.tilastudios.com,No,No,No,No,No,No,No,No,No
Vector 90,https://www.vector90.com,No,No,No,No,No,No,No,No,No
WeWork,https://www.wework.com,No,No,No,No,No,No,Yes,No,No
Work Evolution,https://www.workevolution.co,Yes,No,Yes,No,No,No,Yes,No,Yes
Zora's House,https://zorashouse.com,No,No,Yes,Yes,No,No,No,No,No
Black Innovation Alliance,https://blackinnovationalliance.com,No,No,No,No,No,No,No,No,No
Fearless Fund,https://fearless.fund,No,Yes,No,No,No,No,No,No,No
Harlem Capital,https://harlem.capital,No,Yes,No,No,No,No,No,No,No
Zane Venture Fund,https://zane.vc,No,No,Yes,No,No,No,No,No,No
Black Ambition,https://blackambitionprize.com,Yes,Yes,No,No,No,No,No,No,No
National Urban League,https://nul.org,Yes,No,Yes,No,No,No,No,No,No
Digital Undivided,https://digitalundivided.com,No,Yes,No,Yes,No,No,No,No,Yes
Impact Ventures,https://impact-ventures.co,Yes,Yes,Yes,Yes,No,No,No,No,Yes
Backstage Capital,https://backstagecapital.com,No,Yes,No,No,No,No,No,No,No
Y Combinator,https://www.ycombinator.com,Yes,Yes,Yes,No,No,No,No,No,No
Techstars,https://www.techstars.com,Yes,Yes,No,Yes,No,No,No,Yes,Yes
Mass Challenge,https://masschallenge.org,Yes,No,Yes,No,No,No,Yes,No,No
SOSV,https://sosv.com,No,Yes,Yes,No,No,Yes,Yes,Yes,No
PlugandPlayTechCentre,https://www.plugandplaytechcenter.com,No,No,No,No,No,No,No,No,No
Innovation Works,https://www.innovationworks.org,No,Yes,Yes,No,No,No,Yes,No,No
Start X,https://web.startx.com,Yes,Yes,Yes,Yes,No,No,Yes,No,Yes
AngelPad,https://www.angelpad.com,Yes,Yes,No,No,No,No,Yes,No,Yes
Google Startup,https://startup.google.com,Yes,Yes,Yes,No,No,No,Yes,No,Yes
Vilcap,https://vilcap.com,Yes,Yes,No,No,No,No,Yes,No,No
Bantunium Labs,https://bantunium.com,No,No,No,No,No,No,No,No,No
Bayou City Lab,https://www.bayoucitylab.com,No,Yes,No,No,No,No,Yes,No,Yes
Black Dot,http://www.blackdotseattle.com,No,No,Yes,Yes,No,No,No,No,No
Black Founders Exchange,https://www.americanunderground.com/black-founders-exchange,Yes,Yes,Yes,Yes,No,No,Yes,No,No
Catapult,https://circlespgh.org,Yes,Yes,No,Yes,No,No,No,No,No
Chicago Urban League Center for Entrepreneurship,https://www.chiurbanleaguecei.com,Yes,No,Yes,Yes,No,No,Yes,No,No
City Startup Labs,https://citystartuplabs.com,No,No,No,Yes,No,No,Yes,No,No
Code2040,http://www.code2040.org,No,No,Yes,No,No,No,Yes,No,No
digitalundivided,https://www.digitalundivided.com/programs,No,No,No,Yes,No,No,No,No,No
Early Growth,https://earlygrowthfinancialservices.com,No,No,No,No,No,Yes,Yes,No,No
Google for Startups,https://startup.google.com,Yes,Yes,Yes,No,No,No,Yes,No,Yes
Harbor CDC,https://harborcdc.org,No,No,No,Yes,No,No,No,No,No
Halcyon,https://halcyonhouse.org,Yes,Yes,No,Yes,No,No,No,No,No
Inclusive Innovation Incubator,https://www.in3dc.com,No,No,No,No,No,No,No,No,No
Incubator Without Walls,https://www.ledcmetro.org/futurebaltimore,No,Yes,No,No,No,Yes,No,No,Yes
Morehouse Innovation & Entrepreneurship Center,http://www.mcecenter.com,Yes,No,Yes,Yes,No,No,Yes,Yes,Yes
Renaissance Entrepreneurship Center,https://www.rencenter.org,No,No,No,No,No,No,No,No,No
SMAART Incubator,https://www.meetup.com/SMAART-INCUBATOR,No,Yes,Yes,Yes,No,No,No,No,Yes
Shaw University Innovation and Entrepreneurship Center,https://www.shawu.edu/InnovationCenter,Yes,Yes,Yes,Yes,No,Yes,Yes,No,Yes
StartUP FIU Procurement,https://startup.fiu.edu/procurement,No,Yes,Yes,Yes,No,Yes,No,Yes,No
The Bronzeville Incubator,http://www.thebronzevilleincubator.com,No,No,Yes,Yes,No,No,No,No,No
The Hood Incubator,https://www.hoodincubator.org,No,No,No,No,No,Yes,No,No,No
The Startup Nest,https://thestartupnest.com,No,No,No,No,No,No,Yes,No,Yes
The Urban Incubator,https://www.laul.org/incubator,Yes,No,Yes,Yes,No,No,No,No,No
Youngstown Business Incubator,https://ybi.org/mbac,Yes,Yes,Yes,Yes,No,No,No,No,No
1871,https://1871.com,No,Yes,Yes,No,No,No,Yes,Yes,No
Bronze Valley Accelerator,https://bronzevalley.com,No,Yes,No,No,No,No,Yes,No,No
Cincinnati Chamber Minority Business Accelerator,https://www.cincinnatichamber.com/the-inclusive-chamber/minority-business-accelerator,No,Yes,Yes,No,No,No,Yes,No,No
CONNECT ALL @ the Jacobs Center,https://www.connectallsd.org,No,No,No,No,No,No,No,No,No
DivInc,https://www.divinc.org,Yes,Yes,Yes,No,No,No,No,No,No
Dreamit,https://www.dreamit.com,No,No,Yes,No,No,No,Yes,No,No
Founder Gym,https://foundergym.com,Yes,Yes,Yes,Yes,No,Yes,Yes,No,Yes
FundBlackFounders,https://fundblackfounders.com,No,No,No,No,No,No,No,No,No
Greenville Chamber Minority Business Accelerator,https://www.greenvillechamber.org/mba,No,No,Yes,Yes,No,No,No,No,No
Hillman Accelerator,https://www.hill7.org,No,No,No,No,No,No,No,No,No
Impact Ventures Startup Accelerator,https://impact-ventures.co/2019/09/02/impact-accelerator-2,Yes,No,No,No,No,No,No,No,No
KiwiTech,https://www.kiwitech.com,No,Yes,Yes,Yes,No,Yes,Yes,Yes,Yes
MVP Accelerator,http://www.mvpaccelerator.com,Yes,No,Yes,No,No,No,No,No,No
MWBE Accelerator,https://igniteuny.com/mwbe,No,No,No,No,No,No,No,No,No
NewME,https://www.newme.in,No,No,No,No,No,No,No,No,No
"Nex Cubed, HBCU Founders Program",https://nex3.com/hbcu,No,Yes,Yes,No,No,Yes,Yes,Yes,No
Opportunity Hub Entrepreneurship Accelerator,https://opportunityhub.co,No,Yes,Yes,No,No,No,Yes,No,Yes
Plug and Play Tech Center,https://www.plugandplaytechcenter.com/detroit,No,No,No,No,No,No,No,No,No
PowerMoves,http://www.powermovesusa.org,No,No,No,No,No,No,No,No,No
Rocky Mountain MicroFinance,https://www.rmmfi.org,Yes,Yes,Yes,No,No,No,No,No,No
Sistahbiz Global Network,https://www.sistah.biz,Yes,No,Yes,No,No,No,No,No,No
Smarter in the City,https://www.smarterinthecity.com,Yes,Yes,No,No,No,No,No,No,No
Startup52,http://startup52.com,No,No,No,No,No,No,Yes,No,No
Tampa Bay Chamber Minority Business Accelerator,https://www.tampabaychamber.com/involvement/minority-business-accelerator.aspx,No,No,No,No,No,No,No,No,No
Techstars,http://diversity.techstars.com/foundation,Yes,Yes,No,No,No,No,No,No,Yes
The Farm Accelerator,https://thefarmatl.com,No,No,No,No,No,No,No,No,No
Tumml,http://www.tumml.org,No,No,No,No,No,No,No,No,No
Vertical 404 Accelerator,https://vertical404.com/accelerator,No,No,No,No,No,No,No,No,No
Angel Investment Network,https://www.angelinvestmentnetwork.us,No,Yes,No,Yes,No,No,Yes,No,Yes
Black Angel Tech Fund,https://www.blackangeltechfund.com,No,Yes,No,No,No,No,No,Yes,No
Black Angels Miami,https://www.blackangels.miami,No,Yes,Yes,No,No,No,No,No,No
BLCK VC,https://www.blckvc.com,No,No,No,No,No,No,No,No,No
Culture Shift Weekend,https://www.cultureshiftingweekends.com,No,No,Yes,No,No,No,Yes,No,No
Impact America Fund,http://www.impactamericafund.com,No,Yes,No,Yes,No,Yes,No,No,No
LA Black Investors Club,https://www.lablackinvestorsclub.org,No,Yes,Yes,Yes,No,No,No,No,Yes
Pipeline Angels,https://pipelineangels.com,No,No,No,No,No,No,No,No,No
Portfolia,https://www.portfolia.co,No,Yes,Yes,No,No,Yes,No,No,No
Transparent Collective,http://www.transparentcollective.com,Yes,Yes,Yes,No,No,No,No,No,No
Black Business Residency,https://www.somersethouse.org.uk,No,No,Yes,No,No,No,No,No,No
Black Valley,https://www.blackvalley.co.uk,Yes,Yes,Yes,No,No,No,No,No,No
Barclays Eagle Lab,https://labs.uk.barclays,No,No,No,No,No,No,No,No,No
Diversity Business Incubator,https://www.dbi.org.uk,No,No,Yes,No,No,No,No,No,No
Digital Catapult,https://www.digicatapult.org.uk,Yes,Yes,Yes,No,No,Yes,Yes,No,Yes
techSPARK,https://techspark.co,No,Yes,Yes,No,No,No,Yes,No,Yes
Barclays Group,https://home.barclays,No,Yes,Yes,No,No,No,Yes,Yes,Yes
Innovate UK,https://iuk-business-connect.org.uk,No,Yes,Yes,Yes,No,No,Yes,Yes,Yes
Colorintech,https://www.colorintech.org,No,No,Yes,No,No,No,Yes,No,Yes
Hatch Enterprise,https://hatchenterprise.org,No,Yes,Yes,No,No,No,No,No,No
Sainsbury,https://www.about.sainsburys.co.uk,No,Yes,No,No,No,No,Yes,No,No
Birimian Ventures,https://birimianventures.com,No,Yes,No,Yes,No,Yes,No,No,No
ROOM,https://roommentoring.com,No,No,No,No,No,No,No,No,No
African Fashion Foundation,https://africanfashionfoundation.org,No,No,No,No,No,No,No,No,No
AcceleratorApp Limited,https://www.acceleratorapp.co,No,No,No,No,No,No,No,No,No
LeadLoft,https://www.leadloft.com,No,No,No,No,No,No,Yes,No,No
Enterprise Nation,https://www.enterprisenation.com,Yes,Yes,Yes,Yes,No,Yes,Yes,No,No
Movemeback,https://www.movemeback.com,No,No,No,No,No,No,No,No,No
Mercia,https://www.mercia.co.uk,No,Yes,No,No,No,No,No,Yes,No
Bamboocowork,https://www.bamboocowork.com,No,No,Yes,No,No,No,No,No,No
Purposeful Group,https://www.purposefulgroup.com,Yes,No,Yes,Yes,No,No,Yes,Yes,No
Women in Tech Network,https://www.womentech.net,Yes,Yes,Yes,No,No,No,Yes,Yes,No
Somerset House,https://www.somersethouse.org,No,No,No,No,No,No,No,No,No
Startups of London,https://www.startupsoflondon.com,Yes,Yes,No,No,No,Yes,Yes,No,No
Seed Ambition,https://www.seedambition.com,Yes,No,Yes,Yes,No,No,Yes,No,No
Dorchester Industries Experimental Design Lab,https://www.pradagroup.com,No,No,No,Yes,No,Yes,No,No,No
The Black Fashion Accelerator,https://afropunk.com,No,No,No,No,No,No,No,No,No
Natwest,https://www.natwest.com,No,Yes,Yes,No,No,No,No,No,Yes
Bruntwood SciTech,https://bruntwood.co.uk,No,No,Yes,No,Yes,No,Yes,No,No
Forward Accelerator,https://becleaps.co.uk,No,No,No,No,No,No,No,No,No
Betaden,https://www.beta-den.com,Yes,Yes,Yes,No,No,No,Yes,No,No
B Start-up,https://www.birmingham.ac.uk,No,No,Yes,No,No,Yes,No,No,No
5 Spring,https://www.wm5g.org.uk,No,Yes,No,Yes,No,No,Yes,No,Yes
Spark,https://www.sparkspace.co.uk,No,Yes,No,No,No,No,Yes,No,No
PocZero,https://poczero.com,No,No,No,No,No,No,No,No,No
BeSeen,https://b-seen.biz,Yes,No,Yes,Yes,No,No,No,No,No
Start Smart CEE,https://www.startsmartcee.org,Yes,Yes,Yes,No,No,No,Yes,Yes,Yes
The Black Economic Alliance,https://www.thebea.co,Yes,Yes,Yes,Yes,No,No,Yes,No,No
Impact X Capital Partners,https://www.impactxcapital.com,No,Yes,No,No,No,No,No,No,No
Foundervine,https://www.foundervine.com,Yes,Yes,Yes,No,No,No,Yes,No,No
Black Business Network,https://www.blackbusinessnetwork.com,No,No,Yes,No,No,No,No,Yes,No
Baltic Ventures,https://www.balticventures.uk,Yes,Yes,Yes,No,No,No,No,No,Yes
NatWest Group,https://www.natwest.com,No,Yes,Yes,No,No,No,No,No,Yes
Black Entrepreneurs and Businesses of Canada Society,https://www.blackentrepreneursbc.org,Yes,Yes,Yes,Yes,No,No,Yes,No,Yes
Black Entrepreneurship Through Acquisition Incubator,https://betaicanada.org,No,No,No,No,No,No,No,No,No
Black Opportunity Fund,https://www.blackopportunityfund.ca,No,Yes,Yes,No,No,No,No,No,No
Black Founders Network,https://www.entrepreneurs.utoronto.ca,No,Yes,Yes,No,No,No,Yes,Yes,Yes
BlackNorth Initiative,https://www.blacknorth.ca,Yes,No,Yes,No,No,No,No,No,No
MaRS Discovery District,https://www.marsdd.com,Yes,Yes,Yes,No,No,Yes,Yes,No,Yes
Tribe Network's Black Start-up Project,https://www.tribenetwork.ca,No,No,No,No,No,No,Yes,No,No
Engine Innovator Programme,https://www.theiaengine.com,Yes,Yes,Yes,No,No,Yes,Yes,Yes,No
The BioHub,https://www.birminghamresearchpark.co.uk,No,No,No,No,No,Yes,No,No,No
Technology Developer Accelerator Programme,https://www.apcuk.co.uk,No,Yes,Yes,No,No,No,Yes,Yes,Yes
STREAM House,https://steamhouse.org.uk,No,No,Yes,No,No,No,Yes,No,Yes
Warwick Ventures,https://warwick.ac.uk,No,No,Yes,Yes,No,No,Yes,Yes,No
Ignite Incubator,https://www.warwicksciencepark.co.uk,No,No,Yes,Yes,No,No,Yes,No,No
BCIMO,https://bcimo.co.uk,No,Yes,Yes,No,No,No,Yes,No,Yes
Ateta,https://www.birmingham.ac.uk,No,No,Yes,No,No,Yes,No,No,No
GBSLEP Growth Hub,https://www.gbslepgrowthhub.co.uk,Yes,Yes,Yes,No,No,Yes,No,No,Yes
SuperTech WM,https://www.supertechwm.com,No,Yes,Yes,No,No,Yes,Yes,Yes,Yes
CW Growth Hub,https://www.cwgrowthhub.co.uk,Yes,Yes,Yes,Yes,No,No,No,Yes,No
Innovation Alliance,https://innovationwm.co.uk,No,Yes,Yes,Yes,No,No,Yes,No,No
Aston Programme for Small Business Growth,https://www.aston.ac.uk,No,Yes,Yes,No,No,No,No,Yes,No
Energy Systems Catapult,https://es.catapult.org.uk,Yes,No,Yes,Yes,No,No,Yes,Yes,No
Manufacturing Technology Centre,https://www.the-mtc.org,No,No,Yes,Yes,No,No,Yes,No,No
WMAHSN,https://www.healthinnovationwestmidlands.org,No,No,Yes,No,No,No,Yes,No,No
Technology Supply Chain,https://www.technologysupplychain.co.uk,No,Yes,Yes,No,No,No,Yes,No,Yes
Enterprise Nation,https://www.enterprisenation.com,Yes,Yes,Yes,Yes,No,Yes,Yes,No,No
Tech Nation,https://technation.io,Yes,No,Yes,No,No,No,Yes,No,No
Tech UK,https://www.techuk.org,Yes,Yes,Yes,Yes,No,Yes,Yes,Yes,Yes
BCU Advantage,https://bcuadvantage.co.uk,No,Yes,Yes,No,No,No,No,No,No
Black Country Growth Hub,https://uktin.net,Yes,Yes,Yes,Yes,No,No,Yes,No,No
UK BlackTech,https://ukblacktech.com,No,No,Yes,No,No,No,Yes,No,No
Medilink West Midlands,https://www.medilinkmidlands.com,No,No,Yes,Yes,No,No,Yes,Yes,Yes
Envision,https://www.envisionaccelerator.com,Yes,Yes,No,No,No,No,Yes,No,No
Accenture,https://www.accenture.com,No,No,No,No,No,No,Yes,Yes,No
TechStars,https://www.techstars.com,Yes,Yes,No,Yes,No,No,No,Yes,Yes
Latimer House,https://www.latimerhouse.vc,Yes,Yes,Yes,No,No,No,No,No,No
Black Equity Organisation,https://blackequityorg.com,No,No,Yes,No,No,Yes,No,No,No
AWS Impact Accelerator,https://aws-startup-lofts.com,No,No,No,No,No,No,No,No,No
Nesta Accelerator Programme,https://www.nesta.org.uk,No,No,Yes,No,No,No,Yes,Yes,No
Female Founder Programme,https://www.nesta.org.uk,No,No,Yes,No,No,No,Yes,Yes,No
Accenture,https://www.accenture.com,No,No,No,No,No,No,Yes,Yes,No
Accion,https://www.accion.org,No,Yes,Yes,No,No,No,Yes,Yes,No
Bain & Company,https://www.bain.com,No,No,Yes,No,No,No,Yes,No,No
BearingPoint,https://www.bearingpoint.com,No,Yes,Yes,No,No,Yes,Yes,No,Yes
Booz Allen Hamilton,https://www.boozallen.com,No,No,Yes,Yes,No,Yes,Yes,Yes,Yes
Boston Consulting Group,https://www.bcg.com,No,No,No,No,No,No,No,No,No
Capgemini,https://www.capgemini.com,No,No,Yes,No,No,No,Yes,Yes,Yes
Deloitte,https://www2.deloitte.com,No,Yes,Yes,No,No,Yes,No,No,Yes
Ernst & Young,https://www.ey.com,No,Yes,No,Yes,No,Yes,Yes,No,Yes
FTI Consulting,https://www.fticonsulting.com,No,No,No,No,No,No,No,No,No
Gartner,https://www.gartner.com,No,No,No,No,No,No,No,No,No
Grant Thornton,https://www.grantthornton.com,No,No,Yes,No,No,Yes,Yes,Yes,Yes
Hercorner,https://hercorner.org,Yes,Yes,Yes,No,No,No,Yes,No,No
IMG Consulting,https://www.consultimg.com,No,No,No,No,No,No,No,No,No
Kantar,https://www.kantar.com,Yes,No,Yes,No,No,No,Yes,No,No
Kearney,https://www.kearney.com,No,No,No,No,No,No,No,No,No
KPMG,https://home.kpmg,No,No,No,No,No,Yes,No,Yes,Yes
L.E.K. Consulting,https://www.lek.com,Yes,Yes,No,Yes,No,No,Yes,Yes,Yes
McKinsey & Company,https://www.mckinsey.com,No,No,No,No,No,No,No,No,No
Mercer,https://www.mercer.com,No,Yes,Yes,No,No,No,Yes,No,No
North Highland,https://www.northhighland.com,No,No,No,No,No,Yes,No,No,No
Oliver Wyman,https://www.oliverwyman.com,No,Yes,No,No,No,No,Yes,Yes,Yes
Protiviti,https://www.protiviti.com,No,Yes,Yes,No,No,Yes,Yes,No,Yes
PwC,https://www.pwc.com,No,Yes,No,No,No,Yes,Yes,Yes,Yes
Roland Berger,https://www.rolandberger.com,Yes,No,Yes,No,No,Yes,No,Yes,No
Royal Consulting Firm,http://www.royalconsultingfirm.com,No,No,No,No,No,No,No,No,No
Tata Consultancy Services,https://www.tcs.com,No,No,Yes,Yes,No,No,Yes,Yes,Yes
The Barthwell Group,https://www.barthwellgroup.com,No,No,Yes,Yes,No,No,Yes,No,Yes
